datetime,city,state,citystate,country,shape,filename,full_filename,full_filename,duration_sec,duration_hm,comments,date posted,latitude,longitude
3/29/05 17:30,sharourah (500 km north of) (empty quarter) (saudi arabia),,,,light,ufo-light.png,<img src =*https://github.com/djwrisley/ESUDH/blob/master/HDME2021/UFOMAP/UFOIMAGES/ufo-light.png?raw=true*>,"<img src =""https://github.com/djwrisley/ESUDH/blob/master/HDME2021/UFOMAP/UFOIMAGES/ufo-light.png?raw=true"">",120,2 mins,A light just looking like a star moving fast towards SouthEast at very high altitude&#44 slowed down as it reached at the top of our campi,4/16/05,17.483333,47.116667
9/3/01 0:01,taif (30 km west from) (saudi arabia),,,,unknown,ufo-unknown.png,<img src =*https://github.com/djwrisley/ESUDH/blob/master/HDME2021/UFOMAP/UFOIMAGES/ufo-unknown.png?raw=true*>,"<img src =""https://github.com/djwrisley/ESUDH/blob/master/HDME2021/UFOMAP/UFOIMAGES/ufo-unknown.png?raw=true"">",300,3-5 minutes,mysterious lights rushed in the sky (my be 400-500 km per hrs),10/12/01,21.266667,40.416667
7/29/07 19:05,at taif (saudi arabia),,,,oval,ufo-oval.png,<img src =*https://github.com/djwrisley/ESUDH/blob/master/HDME2021/UFOMAP/UFOIMAGES/ufo-oval.png?raw=true*>,"<img src =""https://github.com/djwrisley/ESUDH/blob/master/HDME2021/UFOMAP/UFOIMAGES/ufo-oval.png?raw=true"">",60,1 m,We were in the back garden of the house  I clear night and we were watching the stars towards the north  we were surprised by a semi-ov,2/18/11,21.266667,40.416667
1/17/14 21:15,muscat (sultanate of oman),,,,cigar,ufo-cigar.png,<img src =*https://github.com/djwrisley/ESUDH/blob/master/HDME2021/UFOMAP/UFOIMAGES/ufo-cigar.png?raw=true*>,"<img src =""https://github.com/djwrisley/ESUDH/blob/master/HDME2021/UFOMAP/UFOIMAGES/ufo-cigar.png?raw=true"">",15,10-15 seconds,Individually technologically explainable&#44 except speed and collectively improbable.,1/24/14,23.61,58.54
10/15/90 22:30,saudi arabia,,,,triangle,ufo-triangle.png,<img src =*https://github.com/djwrisley/ESUDH/blob/master/HDME2021/UFOMAP/UFOIMAGES/ufo-triangle.png?raw=true*>,"<img src =""https://github.com/djwrisley/ESUDH/blob/master/HDME2021/UFOMAP/UFOIMAGES/ufo-triangle.png?raw=true"">",20,15 -20 seconds,October 1990 - Saudi Arabia - large dark triangular object - 3 white lights -  20 seconds - no sound - no stars behind object,10/20/05,23.885942,45.079162
12/12/03 4:05,saudi arabia,,,,unknown,ufo-unknown.png,<img src =*https://github.com/djwrisley/ESUDH/blob/master/HDME2021/UFOMAP/UFOIMAGES/ufo-unknown.png?raw=true*>,"<img src =""https://github.com/djwrisley/ESUDH/blob/master/HDME2021/UFOMAP/UFOIMAGES/ufo-unknown.png?raw=true"">",0,unknown,HBCCUFO CANADIAN REPORT:  It was capsule in shape&#44 no windows.,12/19/03,23.885942,45.079162
4/16/87 15:30,yanbu al sinaiyah (saudi arabia),,,,disk,ufo-disk.png,<img src =*https://github.com/djwrisley/ESUDH/blob/master/HDME2021/UFOMAP/UFOIMAGES/ufo-disk.png?raw=true*>,"<img src =""https://github.com/djwrisley/ESUDH/blob/master/HDME2021/UFOMAP/UFOIMAGES/ufo-disk.png?raw=true"">",60,30sec to 1min,Awesome show of colours and wonder amidst desert sands,7/13/05,23.984548,38.253305
1/7/09 14:00,yanbu (saudi arabia),,,,egg,ufo-egg.png,<img src =*https://github.com/djwrisley/ESUDH/blob/master/HDME2021/UFOMAP/UFOIMAGES/ufo-egg.png?raw=true*>,"<img src =""https://github.com/djwrisley/ESUDH/blob/master/HDME2021/UFOMAP/UFOIMAGES/ufo-egg.png?raw=true"">",300,5 min,UFO IN SAUDI ARABIA YANBU CITY JAN2009,4/14/09,24.083333,38
7/5/03 2:30,al-ain (uae),,,,disk,ufo-disk.png,<img src =*https://github.com/djwrisley/ESUDH/blob/master/HDME2021/UFOMAP/UFOIMAGES/ufo-disk.png?raw=true*>,"<img src =""https://github.com/djwrisley/ESUDH/blob/master/HDME2021/UFOMAP/UFOIMAGES/ufo-disk.png?raw=true"">",300,5 min,The Disks went sraight over my house and the radio started breaking up.,7/16/03,24.2075,55.744722
11/28/09 10:30,abu dhabi (uae),,,,changing,ufo-changing.png,<img src =*https://github.com/djwrisley/ESUDH/blob/master/HDME2021/UFOMAP/UFOIMAGES/ufo-changing.png?raw=true*>,"<img src =""https://github.com/djwrisley/ESUDH/blob/master/HDME2021/UFOMAP/UFOIMAGES/ufo-changing.png?raw=true"">",900,15min,weird experience,12/12/09,24.466667,54.366667
1/31/12 21:30,abu dhabi (uae),,,,light,ufo-light.png,<img src =*https://github.com/djwrisley/ESUDH/blob/master/HDME2021/UFOMAP/UFOIMAGES/ufo-light.png?raw=true*>,"<img src =""https://github.com/djwrisley/ESUDH/blob/master/HDME2021/UFOMAP/UFOIMAGES/ufo-light.png?raw=true"">",300,3-5 minutes,A parallel of lights in the sky,2/10/12,24.466667,54.366667
6/20/12 21:30,abu dhabi (united arab emirates),,,,fireball,ufo-fireball.png,<img src =*https://github.com/djwrisley/ESUDH/blob/master/HDME2021/UFOMAP/UFOIMAGES/ufo-fireball.png?raw=true*>,"<img src =""https://github.com/djwrisley/ESUDH/blob/master/HDME2021/UFOMAP/UFOIMAGES/ufo-fireball.png?raw=true"">",120,few minutes,Fireball sighted in Abu Dhabi,7/4/12,24.466667,54.366667
4/9/12 22:00,abu dhabi (u. a. e.),,,,fireball,ufo-fireball.png,<img src =*https://github.com/djwrisley/ESUDH/blob/master/HDME2021/UFOMAP/UFOIMAGES/ufo-fireball.png?raw=true*>,"<img src =""https://github.com/djwrisley/ESUDH/blob/master/HDME2021/UFOMAP/UFOIMAGES/ufo-fireball.png?raw=true"">",60,01 min,At night my wife call me from terrace and showed orange red fireball in the sky&#44&#44it was still and within one minute it moves back and s,4/18/12,24.466667,54.366667
3/4/09 11:30,abu dhabi (u.a.e.),in,,,circle,ufo-circle.png,<img src =*https://github.com/djwrisley/ESUDH/blob/master/HDME2021/UFOMAP/UFOIMAGES/ufo-circle.png?raw=true*>,"<img src =""https://github.com/djwrisley/ESUDH/blob/master/HDME2021/UFOMAP/UFOIMAGES/ufo-circle.png?raw=true"">",5,5 seconds,((HOAX??))  it was small. it vanished in 5 to 6 seconds,3/19/09,24.466667,54.366667
1/26/84 18:09,abu dhabi (united arab emirates),,,,disk,ufo-disk.png,<img src =*https://github.com/djwrisley/ESUDH/blob/master/HDME2021/UFOMAP/UFOIMAGES/ufo-disk.png?raw=true*>,"<img src =""https://github.com/djwrisley/ESUDH/blob/master/HDME2021/UFOMAP/UFOIMAGES/ufo-disk.png?raw=true"">",0,,Object captured by camera over Abu Dhabi,4/27/07,24.466667,54.366667
7/1/89 17:30,riyadh (saudi arabia),,,,diamond,ufo-diamond.png,<img src =*https://github.com/djwrisley/ESUDH/blob/master/HDME2021/UFOMAP/UFOIMAGES/ufo-diamond.png?raw=true*>,"<img src =""https://github.com/djwrisley/ESUDH/blob/master/HDME2021/UFOMAP/UFOIMAGES/ufo-diamond.png?raw=true"">",600,10m,I DID NOT SEE THE UFO IT SELF&#44 BUT I SAW THE PLACE IT LANDED IN 3 EVEN SPOTS BLACK LIKE IT WAS PLASTED OFF . THE STRANGE THINGS IS CLOT,3/4/03,24.711667,46.724167
8/26/07 19:54,riyadh (saudi arabia),,,,light,ufo-light.png,<img src =*https://github.com/djwrisley/ESUDH/blob/master/HDME2021/UFOMAP/UFOIMAGES/ufo-light.png?raw=true*>,"<img src =""https://github.com/djwrisley/ESUDH/blob/master/HDME2021/UFOMAP/UFOIMAGES/ufo-light.png?raw=true"">",20,10-20 seconds,A green blinking light in Riyadh&#44 Saudi Arabia and then vanished,4/14/09,24.711667,46.724167
10/20/01 13:00,riyadh/ saudi arabia,,,,circle,ufo-circle.png,<img src =*https://github.com/djwrisley/ESUDH/blob/master/HDME2021/UFOMAP/UFOIMAGES/ufo-circle.png?raw=true*>,"<img src =""https://github.com/djwrisley/ESUDH/blob/master/HDME2021/UFOMAP/UFOIMAGES/ufo-circle.png?raw=true"">",0,mid night,i have seen a 3 flying objects at the mid night while i was waching the moon. there description or the descreption of the ufo&#39s that i,12/5/01,24.711667,46.724167
4/8/13 23:35,dubai (uar),,,,formation,ufo-formation.png,<img src =*https://github.com/djwrisley/ESUDH/blob/master/HDME2021/UFOMAP/UFOIMAGES/ufo-formation.png?raw=true*>,"<img src =""https://github.com/djwrisley/ESUDH/blob/master/HDME2021/UFOMAP/UFOIMAGES/ufo-formation.png?raw=true"">",300,~5 minutes,Strange objects above Dubai&#44 United Arab Emirates.,4/12/13,25.047664,55.181741
2/11/11 20:00,dubai (u.a.r.),,,,triangle,ufo-triangle.png,<img src =*https://github.com/djwrisley/ESUDH/blob/master/HDME2021/UFOMAP/UFOIMAGES/ufo-triangle.png?raw=true*>,"<img src =""https://github.com/djwrisley/ESUDH/blob/master/HDME2021/UFOMAP/UFOIMAGES/ufo-triangle.png?raw=true"">",180,3 minutes,bright firey object in night sky over Dubai&#44 UAE that moved irradically,10/10/11,25.047664,55.181741
3/16/04 2:00,dubai (uae),,,,diamond,ufo-diamond.png,<img src =*https://github.com/djwrisley/ESUDH/blob/master/HDME2021/UFOMAP/UFOIMAGES/ufo-diamond.png?raw=true*>,"<img src =""https://github.com/djwrisley/ESUDH/blob/master/HDME2021/UFOMAP/UFOIMAGES/ufo-diamond.png?raw=true"">",120,2min,clear diamond shape thing with blue and orange light came close to land but did not land on it and vanished,3/17/04,25.047664,55.181741
9/13/02 22:00,dubai (uae),,,,changing,ufo-changing.png,<img src =*https://github.com/djwrisley/ESUDH/blob/master/HDME2021/UFOMAP/UFOIMAGES/ufo-changing.png?raw=true*>,"<img src =""https://github.com/djwrisley/ESUDH/blob/master/HDME2021/UFOMAP/UFOIMAGES/ufo-changing.png?raw=true"">",16,16 seconds,a flash movin slow at first&#44changes into a spherical shape&#44circles&#44races west&#44leavin behind a hazy greenish smoke trail,9/19/02,25.047664,55.181741
9/9/04 21:00,dubai (uae),,,,disk,ufo-disk.png,<img src =*https://github.com/djwrisley/ESUDH/blob/master/HDME2021/UFOMAP/UFOIMAGES/ufo-disk.png?raw=true*>,"<img src =""https://github.com/djwrisley/ESUDH/blob/master/HDME2021/UFOMAP/UFOIMAGES/ufo-disk.png?raw=true"">",15,15 secs,silver&#44 disk shaped object with lights surrounding edge of underside&#44 which hovered for about 15 secs.,9/29/04,25.047664,55.181741
5/6/06 12:00,dubai (united arab republic),,,,cigar,ufo-cigar.png,<img src =*https://github.com/djwrisley/ESUDH/blob/master/HDME2021/UFOMAP/UFOIMAGES/ufo-cigar.png?raw=true*>,"<img src =""https://github.com/djwrisley/ESUDH/blob/master/HDME2021/UFOMAP/UFOIMAGES/ufo-cigar.png?raw=true"">",10,10 sec,UFO discovered on photograph taken in the UAE,6/12/07,25.047664,55.181741
4/22/89 17:30,dubai,,,,flash,ufo-flash.png,<img src =*https://github.com/djwrisley/ESUDH/blob/master/HDME2021/UFOMAP/UFOIMAGES/ufo-flash.png?raw=true*>,"<img src =""https://github.com/djwrisley/ESUDH/blob/master/HDME2021/UFOMAP/UFOIMAGES/ufo-flash.png?raw=true"">",2,02 seconds,Green bright light flash,9/1/04,25.047664,55.181741
11/25/09 8:03,dubai (united arab emirates),,,,other,ufo-other.png,<img src =*https://github.com/djwrisley/ESUDH/blob/master/HDME2021/UFOMAP/UFOIMAGES/ufo-other.png?raw=true*>,"<img src =""https://github.com/djwrisley/ESUDH/blob/master/HDME2021/UFOMAP/UFOIMAGES/ufo-other.png?raw=true"">",0,unknown,a black bean shaped object floating in the sky .,12/12/09,25.047664,55.181741
10/25/13 18:25,al warqaa 1 (u.a.r.),,,,light,ufo-light.png,<img src =*https://github.com/djwrisley/ESUDH/blob/master/HDME2021/UFOMAP/UFOIMAGES/ufo-light.png?raw=true*>,"<img src =""https://github.com/djwrisley/ESUDH/blob/master/HDME2021/UFOMAP/UFOIMAGES/ufo-light.png?raw=true"">",600,5-10 minutes,Cloud containing yellow&#44 purple and red lights for 5 minutes.  Lights remained contained and cloud disappeared after 5-10 minutes.,11/11/13,25.187459,55.405636
6/12/11 21:00,doha,,,,unknown,ufo-unknown.png,<img src =*https://github.com/djwrisley/ESUDH/blob/master/HDME2021/UFOMAP/UFOIMAGES/ufo-unknown.png?raw=true*>,"<img src =""https://github.com/djwrisley/ESUDH/blob/master/HDME2021/UFOMAP/UFOIMAGES/ufo-unknown.png?raw=true"">",120,1 to 2 minutes,All three have the conical shape leaving a burning yellow trail...,3/13/12,25.286667,51.533333
9/18/97 22:15,doha (qatar),,,,circle,ufo-circle.png,<img src =*https://github.com/djwrisley/ESUDH/blob/master/HDME2021/UFOMAP/UFOIMAGES/ufo-circle.png?raw=true*>,"<img src =""https://github.com/djwrisley/ESUDH/blob/master/HDME2021/UFOMAP/UFOIMAGES/ufo-circle.png?raw=true"">",15,10-15 sec,UFO sighting In a Gulf Desert,8/5/01,25.286667,51.533333
11/29/12 0:00,sharjah (dubai),,,,formation,ufo-formation.png,<img src =*https://github.com/djwrisley/ESUDH/blob/master/HDME2021/UFOMAP/UFOIMAGES/ufo-formation.png?raw=true*>,"<img src =""https://github.com/djwrisley/ESUDH/blob/master/HDME2021/UFOMAP/UFOIMAGES/ufo-formation.png?raw=true"">",3600,1 hour,OVAL SHAPED FORMATION OF WHITE UFO&#39S.....,12/20/12,25.357522,55.391865
1/12/03 7:02,sharjah (united arab emirates),,,,oval,ufo-oval.png,<img src =*https://github.com/djwrisley/ESUDH/blob/master/HDME2021/UFOMAP/UFOIMAGES/ufo-oval.png?raw=true*>,"<img src =""https://github.com/djwrisley/ESUDH/blob/master/HDME2021/UFOMAP/UFOIMAGES/ufo-oval.png?raw=true"">",360,6minuits,At the time just when sun rises looking towards sun rise vertical plane with ~45 degree (elevation) a bright oval body appeared includi,3/21/03,25.357522,55.391865
2/13/10 23:05,sharjah (u.a.e.),,,,fireball,ufo-fireball.png,<img src =*https://github.com/djwrisley/ESUDH/blob/master/HDME2021/UFOMAP/UFOIMAGES/ufo-fireball.png?raw=true*>,"<img src =""https://github.com/djwrisley/ESUDH/blob/master/HDME2021/UFOMAP/UFOIMAGES/ufo-fireball.png?raw=true"">",180,3 minutes,Fire ball like sighting in Sharjah&#44 UAE,2/14/10,25.357522,55.391865
12/18/10 23:47,sharjah,,,,light,ufo-light.png,<img src =*https://github.com/djwrisley/ESUDH/blob/master/HDME2021/UFOMAP/UFOIMAGES/ufo-light.png?raw=true*>,"<img src =""https://github.com/djwrisley/ESUDH/blob/master/HDME2021/UFOMAP/UFOIMAGES/ufo-light.png?raw=true"">",120,2 mins,I saw the same lights again a day later but this time inside sharjah city&#44 densely populated neighbourhood with  high rise buildings,1/5/11,25.357522,55.391865
8/15/10 3:34,sharjah (united arab emirates),,,,light,ufo-light.png,<img src =*https://github.com/djwrisley/ESUDH/blob/master/HDME2021/UFOMAP/UFOIMAGES/ufo-light.png?raw=true*>,"<img src =""https://github.com/djwrisley/ESUDH/blob/master/HDME2021/UFOMAP/UFOIMAGES/ufo-light.png?raw=true"">",30,30 seconds,4 white lights/dots in the sky going left&#44right&#44up and down,8/24/10,25.357522,55.391865
1/6/01 7:05,sharjah (uae),,,,light,ufo-light.png,<img src =*https://github.com/djwrisley/ESUDH/blob/master/HDME2021/UFOMAP/UFOIMAGES/ufo-light.png?raw=true*>,"<img src =""https://github.com/djwrisley/ESUDH/blob/master/HDME2021/UFOMAP/UFOIMAGES/ufo-light.png?raw=true"">",4,4 sec,I was on the was to drop my wife to her school as She is a teacher and I&#39m a network Eng. We saw a flash light or a triangle shaped bri,2/18/01,25.357522,55.391865
2/19/10 23:30,ajman (united arab emirates),,,,fireball,ufo-fireball.png,<img src =*https://github.com/djwrisley/ESUDH/blob/master/HDME2021/UFOMAP/UFOIMAGES/ufo-fireball.png?raw=true*>,"<img src =""https://github.com/djwrisley/ESUDH/blob/master/HDME2021/UFOMAP/UFOIMAGES/ufo-fireball.png?raw=true"">",180,2-3 minutes,Orange flamed fireball spotted from Ajman beach 11.30pm Friday 19 Feb 2010,4/13/10,25.3995,55.4796
2/27/02 6:27,ras al khaimah (uae),,,,oval,ufo-oval.png,<img src =*https://github.com/djwrisley/ESUDH/blob/master/HDME2021/UFOMAP/UFOIMAGES/ufo-oval.png?raw=true*>,"<img src =""https://github.com/djwrisley/ESUDH/blob/master/HDME2021/UFOMAP/UFOIMAGES/ufo-oval.png?raw=true"">",240,4 min,An oval object full of lights&#44 stationary on the sky,3/19/02,25.800693,55.976199
5/18/06 23:00,east riffa (bahrain),,,,diamond,ufo-diamond.png,<img src =*https://github.com/djwrisley/ESUDH/blob/master/HDME2021/UFOMAP/UFOIMAGES/ufo-diamond.png?raw=true*>,"<img src =""https://github.com/djwrisley/ESUDH/blob/master/HDME2021/UFOMAP/UFOIMAGES/ufo-diamond.png?raw=true"">",300,5 mins,saw a diamond like star &#44bluish white colour twas moving away first a big star&#44 moved for 1.5 min in one direction then reduced half it,7/16/06,26.13,50.555
10/29/08 19:30,west riffa (kingdom of bahrain),,,,triangle,ufo-triangle.png,<img src =*https://github.com/djwrisley/ESUDH/blob/master/HDME2021/UFOMAP/UFOIMAGES/ufo-triangle.png?raw=true*>,"<img src =""https://github.com/djwrisley/ESUDH/blob/master/HDME2021/UFOMAP/UFOIMAGES/ufo-triangle.png?raw=true"">",0,,Weird Object moving slowly to West and then disappeared in nano second,10/31/08,26.13,50.555
1/1/47 17:00,manama (bahrain),,,,circle,ufo-circle.png,<img src =*https://github.com/djwrisley/ESUDH/blob/master/HDME2021/UFOMAP/UFOIMAGES/ufo-circle.png?raw=true*>,"<img src =""https://github.com/djwrisley/ESUDH/blob/master/HDME2021/UFOMAP/UFOIMAGES/ufo-circle.png?raw=true"">",300,5 minutes,Slow  moving circular craft&#44 15 whitnesses&#44 took 5 mins to pass&#44 could be touched.,3/19/09,26.216667,50.583333
1/11/12 18:12,manama (bahrain),,,,unknown,ufo-unknown.png,<img src =*https://github.com/djwrisley/ESUDH/blob/master/HDME2021/UFOMAP/UFOIMAGES/ufo-unknown.png?raw=true*>,"<img src =""https://github.com/djwrisley/ESUDH/blob/master/HDME2021/UFOMAP/UFOIMAGES/ufo-unknown.png?raw=true"">",20,20 seconds,I was taking my friends picture on 32 flour suddenly the object appears.  ((NUFORC Note:  No photo accompanied the report.  PD)),11/19/12,26.216667,50.583333
11/26/02 17:00,dhahran (saudi arabia),,,,circle,ufo-circle.png,<img src =*https://github.com/djwrisley/ESUDH/blob/master/HDME2021/UFOMAP/UFOIMAGES/ufo-circle.png?raw=true*>,"<img src =""https://github.com/djwrisley/ESUDH/blob/master/HDME2021/UFOMAP/UFOIMAGES/ufo-circle.png?raw=true"">",600,10 minutes,A very bright circular light hovering for about ten minutes and then vanishing in a split second.,12/23/02,26.266667,50.15
6/1/98 21:45,persian gulf,,,,light,ufo-light.png,<img src =*https://github.com/djwrisley/ESUDH/blob/master/HDME2021/UFOMAP/UFOIMAGES/ufo-light.png?raw=true*>,"<img src =""https://github.com/djwrisley/ESUDH/blob/master/HDME2021/UFOMAP/UFOIMAGES/ufo-light.png?raw=true"">",30,30 secs.,Light going back and forth and left to right very smoothly across the sky.,3/21/03,26.750534,51.683427
11/15/90 23:30,jubail (saudi arabia),,,,oval,ufo-oval.png,<img src =*https://github.com/djwrisley/ESUDH/blob/master/HDME2021/UFOMAP/UFOIMAGES/ufo-oval.png?raw=true*>,"<img src =""https://github.com/djwrisley/ESUDH/blob/master/HDME2021/UFOMAP/UFOIMAGES/ufo-oval.png?raw=true"">",120,2min,Pre-sighting of March 1996 Blue Oval near Jubail Saudi Arabia,10/31/03,27,49.666667
11/20/90 22:30,al - jubail (approx. 35 miles sw of) (saudi arabia),,,,circle,ufo-circle.png,<img src =*https://github.com/djwrisley/ESUDH/blob/master/HDME2021/UFOMAP/UFOIMAGES/ufo-circle.png?raw=true*>,"<img src =""https://github.com/djwrisley/ESUDH/blob/master/HDME2021/UFOMAP/UFOIMAGES/ufo-circle.png?raw=true"">",60,1min,While on guard duty during Operation Desert Shield&#44 I and three others we&#39re talking at the entrance gate to our compound in the Saudi,10/12/01,27,49.666667
3/31/10 1:40,jafir (jordan),,,,none,,<img src =*https://github.com/djwrisley/ESUDH/blob/master/HDME2021/UFOMAP/UFOIMAGES/?raw=true*>,"<img src =""https://github.com/djwrisley/ESUDH/blob/master/HDME2021/UFOMAP/UFOIMAGES/?raw=true"">",100,01:40,3 Saucers land in Jordan with tall Aliens heading down from them,4/13/10,27.33,52.903333
7/9/08 21:00,kuwait,,,,light,ufo-light.png,<img src =*https://github.com/djwrisley/ESUDH/blob/master/HDME2021/UFOMAP/UFOIMAGES/ufo-light.png?raw=true*>,"<img src =""https://github.com/djwrisley/ESUDH/blob/master/HDME2021/UFOMAP/UFOIMAGES/ufo-light.png?raw=true"">",600,appr. 10 min.,Possible UFO in the Kuwaiti desert disappeared after two military jets entered the air space.,8/12/08,29.31166,47.481766
1/16/95 20:00,kuwait,,,,fireball,ufo-fireball.png,<img src =*https://github.com/djwrisley/ESUDH/blob/master/HDME2021/UFOMAP/UFOIMAGES/ufo-fireball.png?raw=true*>,"<img src =""https://github.com/djwrisley/ESUDH/blob/master/HDME2021/UFOMAP/UFOIMAGES/ufo-fireball.png?raw=true"">",300,5 mintues,green fire ball in KUWAIT toward the sky &#44 and a power failure at the same location for one hour,2/14/08,29.31166,47.481766
6/22/95 20:00,kuwait,,,,fireball,ufo-fireball.png,<img src =*https://github.com/djwrisley/ESUDH/blob/master/HDME2021/UFOMAP/UFOIMAGES/ufo-fireball.png?raw=true*>,"<img src =""https://github.com/djwrisley/ESUDH/blob/master/HDME2021/UFOMAP/UFOIMAGES/ufo-fireball.png?raw=true"">",300,5 mintues,1995 in KUWAIT a green bright light flying toward the sky,2/14/08,29.31166,47.481766
12/19/04 20:00,kuwait,,,,oval,ufo-oval.png,<img src =*https://github.com/djwrisley/ESUDH/blob/master/HDME2021/UFOMAP/UFOIMAGES/ufo-oval.png?raw=true*>,"<img src =""https://github.com/djwrisley/ESUDH/blob/master/HDME2021/UFOMAP/UFOIMAGES/ufo-oval.png?raw=true"">",240,4 minuts,4 din lights in the sky  ((NUFORC Note:  Advertising lights??  PD)),1/11/05,29.31166,47.481766
7/24/03 0:00,kuwait (camp &quot;new jersey&quot;),,,,disk,ufo-disk.png,<img src =*https://github.com/djwrisley/ESUDH/blob/master/HDME2021/UFOMAP/UFOIMAGES/ufo-disk.png?raw=true*>,"<img src =""https://github.com/djwrisley/ESUDH/blob/master/HDME2021/UFOMAP/UFOIMAGES/ufo-disk.png?raw=true"">",240,4 minutes,3 different type of lights spinning CW and CCW against each other and the craft would appear and disappear.,2/27/14,29.31166,47.481766
4/1/03 0:00,kuwait,,,,oval,ufo-oval.png,<img src =*https://github.com/djwrisley/ESUDH/blob/master/HDME2021/UFOMAP/UFOIMAGES/ufo-oval.png?raw=true*>,"<img src =""https://github.com/djwrisley/ESUDH/blob/master/HDME2021/UFOMAP/UFOIMAGES/ufo-oval.png?raw=true"">",120,1-2min,Light in sky resembles eye opening.,10/30/06,29.31166,47.481766
7/9/05 2:45,kuwait,,,,changing,ufo-changing.png,<img src =*https://github.com/djwrisley/ESUDH/blob/master/HDME2021/UFOMAP/UFOIMAGES/ufo-changing.png?raw=true*>,"<img src =""https://github.com/djwrisley/ESUDH/blob/master/HDME2021/UFOMAP/UFOIMAGES/ufo-changing.png?raw=true"">",60,1 min,things just change shape and dissapere from the sky in a blink of an eye...,10/11/05,29.31166,47.481766
12/11/07 23:45,kuwait,,,,light,ufo-light.png,<img src =*https://github.com/djwrisley/ESUDH/blob/master/HDME2021/UFOMAP/UFOIMAGES/ufo-light.png?raw=true*>,"<img src =""https://github.com/djwrisley/ESUDH/blob/master/HDME2021/UFOMAP/UFOIMAGES/ufo-light.png?raw=true"">",25,25 sec,a fading light over Kuwait&#44 this light was behaving like a one side light of a round object that was circling it self&#44,3/4/08,29.31166,47.481766
9/27/04 19:40,kuwait,,,,light,ufo-light.png,<img src =*https://github.com/djwrisley/ESUDH/blob/master/HDME2021/UFOMAP/UFOIMAGES/ufo-light.png?raw=true*>,"<img src =""https://github.com/djwrisley/ESUDH/blob/master/HDME2021/UFOMAP/UFOIMAGES/ufo-light.png?raw=true"">",15,15 s,isaw a red small light NE kuwait city sky suden is on than it gos off then came back moor brighter it wasnt moving than it turn off iwa,9/29/04,29.31166,47.481766
11/22/09 0:00,kuwait,,,,light,ufo-light.png,<img src =*https://github.com/djwrisley/ESUDH/blob/master/HDME2021/UFOMAP/UFOIMAGES/ufo-light.png?raw=true*>,"<img src =""https://github.com/djwrisley/ESUDH/blob/master/HDME2021/UFOMAP/UFOIMAGES/ufo-light.png?raw=true"">",5,5 sec,one light over Camp LSA&#44 Kuwait; moving fast - made a &quot;z&quot; maneuver.,12/12/09,29.31166,47.481766
12/28/06 9:34,kuwait,,,,disk,ufo-disk.png,<img src =*https://github.com/djwrisley/ESUDH/blob/master/HDME2021/UFOMAP/UFOIMAGES/ufo-disk.png?raw=true*>,"<img src =""https://github.com/djwrisley/ESUDH/blob/master/HDME2021/UFOMAP/UFOIMAGES/ufo-disk.png?raw=true"">",0,morning,When I was going to the university in the way I&#39ve seen a Disk shaped object flying in the sky and it was very far&#44 but it was shining,2/1/07,29.31166,47.481766
10/29/11 2:30,kuwait city (near) (kuwait),,,,circle,ufo-circle.png,<img src =*https://github.com/djwrisley/ESUDH/blob/master/HDME2021/UFOMAP/UFOIMAGES/ufo-circle.png?raw=true*>,"<img src =""https://github.com/djwrisley/ESUDH/blob/master/HDME2021/UFOMAP/UFOIMAGES/ufo-circle.png?raw=true"">",600,~10 minute,Three bright lights lined up on Orions Belt; darted across sky to form triangle,7/3/13,29.369722,47.978333
12/22/00 3:00,shiraz (iran),,,,circle,ufo-circle.png,<img src =*https://github.com/djwrisley/ESUDH/blob/master/HDME2021/UFOMAP/UFOIMAGES/ufo-circle.png?raw=true*>,"<img src =""https://github.com/djwrisley/ESUDH/blob/master/HDME2021/UFOMAP/UFOIMAGES/ufo-circle.png?raw=true"">",13,10 to13sec,It was a round object pulsating green light all over it. It was there and then suddenly vanished.,8/5/01,29.591768,52.583698
8/10/09 0:30,basrah (iraq),,,,other,ufo-other.png,<img src =*https://github.com/djwrisley/ESUDH/blob/master/HDME2021/UFOMAP/UFOIMAGES/ufo-other.png?raw=true*>,"<img src =""https://github.com/djwrisley/ESUDH/blob/master/HDME2021/UFOMAP/UFOIMAGES/ufo-other.png?raw=true"">",12,12 seconds,UFO sighting in Basrah Iraq by U.S. Soldier,11/21/10,30.5,47.816667
6/30/05 3:00,abarkooh (iran),,,,light,ufo-light.png,<img src =*https://github.com/djwrisley/ESUDH/blob/master/HDME2021/UFOMAP/UFOIMAGES/ufo-light.png?raw=true*>,"<img src =""https://github.com/djwrisley/ESUDH/blob/master/HDME2021/UFOMAP/UFOIMAGES/ufo-light.png?raw=true"">",2,few seconds,Star like&#44 dancing lights moving with speed of the blinking of an eye.,4/12/13,31.128889,53.2825
5/12/03 1:00,yazd (iran),,,,triangle,ufo-triangle.png,<img src =*https://github.com/djwrisley/ESUDH/blob/master/HDME2021/UFOMAP/UFOIMAGES/ufo-triangle.png?raw=true*>,"<img src =""https://github.com/djwrisley/ESUDH/blob/master/HDME2021/UFOMAP/UFOIMAGES/ufo-triangle.png?raw=true"">",3600,1houre,dear; sir we have seen the U.F.O from one month evre day they are seen from 5 pm to 10pm with defran colare of light whith circular we,12/9/03,31.897423,54.356856
3/1/04 19:25,shahrekord (iran),,,,light,ufo-light.png,<img src =*https://github.com/djwrisley/ESUDH/blob/master/HDME2021/UFOMAP/UFOIMAGES/ufo-light.png?raw=true*>,"<img src =""https://github.com/djwrisley/ESUDH/blob/master/HDME2021/UFOMAP/UFOIMAGES/ufo-light.png?raw=true"">",120,2 min,It was a line in the sky &#44 a very bright light and it was crossing the sky from east to west . very wonderful.,4/27/04,32.325556,50.864444
39093,iran,,,,none,,<img src =*https://github.com/djwrisley/ESUDH/blob/master/HDME2021/UFOMAP/UFOIMAGES/?raw=true*>,"<img src =""https://github.com/djwrisley/ESUDH/blob/master/HDME2021/UFOMAP/UFOIMAGES/?raw=true"">",0,,UFO Crash In Central Iran Fars News Agency (Internet Version-WWW) Wednesday&#44 January 10&#44 2007 T11:48:23Z Journal Code: 9113 Language: E,2/1/07,32.427908,53.688046
27913,iran,,,,none,,<img src =*https://github.com/djwrisley/ESUDH/blob/master/HDME2021/UFOMAP/UFOIMAGES/?raw=true*>,"<img src =""https://github.com/djwrisley/ESUDH/blob/master/HDME2021/UFOMAP/UFOIMAGES/?raw=true"">",0,,Possible follow up on the Iranian AF/F-4 encounters in 1976?,6/12/07,32.427908,53.688046
12/15/08 4:00,salman pak (iraq),,,,cone,ufo-cone.png,<img src =*https://github.com/djwrisley/ESUDH/blob/master/HDME2021/UFOMAP/UFOIMAGES/ufo-cone.png?raw=true*>,"<img src =""https://github.com/djwrisley/ESUDH/blob/master/HDME2021/UFOMAP/UFOIMAGES/ufo-cone.png?raw=true"">",180,3 minutes,norway lights spotted last year in iraq,12/12/09,33.1,44.583333
3/1/09 22:00,iraq (above a u. s. military camp),,,,triangle,ufo-triangle.png,<img src =*https://github.com/djwrisley/ESUDH/blob/master/HDME2021/UFOMAP/UFOIMAGES/ufo-triangle.png?raw=true*>,"<img src =""https://github.com/djwrisley/ESUDH/blob/master/HDME2021/UFOMAP/UFOIMAGES/ufo-triangle.png?raw=true"">",3600,30-60 minutes,Very large&#44 triangular shaped&#44 hovered for about 30-to 45 minutes over a camp in Iraq.No sound many witnesses.,10/30/12,33.223191,43.679291
4/15/07 22:00,iraq (classified; military position),,,,circle,ufo-circle.png,<img src =*https://github.com/djwrisley/ESUDH/blob/master/HDME2021/UFOMAP/UFOIMAGES/ufo-circle.png?raw=true*>,"<img src =""https://github.com/djwrisley/ESUDH/blob/master/HDME2021/UFOMAP/UFOIMAGES/ufo-circle.png?raw=true"">",600,5-10 mins,3 UfO&#39s- One emitting a tornado like beam at my military unit-a 3rd ran an intercept route&#44vanish.((NUFORC Note:  Rocket venting?  PD)),7/17/11,33.223191,43.679291
1/17/91 2:46,iraq (10 km inside border with kuwait),,,,triangle,ufo-triangle.png,<img src =*https://github.com/djwrisley/ESUDH/blob/master/HDME2021/UFOMAP/UFOIMAGES/ufo-triangle.png?raw=true*>,"<img src =""https://github.com/djwrisley/ESUDH/blob/master/HDME2021/UFOMAP/UFOIMAGES/ufo-triangle.png?raw=true"">",300,5min,Strange black triangle moved close to our formation,12/9/03,33.223191,43.679291
3/22/03 0:30,iraq (southern),,,,flash,ufo-flash.png,<img src =*https://github.com/djwrisley/ESUDH/blob/master/HDME2021/UFOMAP/UFOIMAGES/ufo-flash.png?raw=true*>,"<img src =""https://github.com/djwrisley/ESUDH/blob/master/HDME2021/UFOMAP/UFOIMAGES/ufo-flash.png?raw=true"">",120,several minutes,Unexplained lights over Marine armored column in southern Iraq,6/4/04,33.223191,43.679291
7/15/08 0:00,iraq (during helicopter firefight),,,,other,ufo-other.png,<img src =*https://github.com/djwrisley/ESUDH/blob/master/HDME2021/UFOMAP/UFOIMAGES/ufo-other.png?raw=true*>,"<img src =""https://github.com/djwrisley/ESUDH/blob/master/HDME2021/UFOMAP/UFOIMAGES/ufo-other.png?raw=true"">",30,30 seconds,MILITARY REPORT:  &quot;Ceiling of Mirrors&quot; over my Blackhawk Helicopter.,2/27/14,33.223191,43.679291
10/1/06 6:00,iraq,,,,triangle,ufo-triangle.png,<img src =*https://github.com/djwrisley/ESUDH/blob/master/HDME2021/UFOMAP/UFOIMAGES/ufo-triangle.png?raw=true*>,"<img src =""https://github.com/djwrisley/ESUDH/blob/master/HDME2021/UFOMAP/UFOIMAGES/ufo-triangle.png?raw=true"">",15,15 seconds,I SAW THE SAME THING  IN 2006,7/5/08,33.223191,43.679291
6/1/91 12:00,iraq,,,,disk,ufo-disk.png,<img src =*https://github.com/djwrisley/ESUDH/blob/master/HDME2021/UFOMAP/UFOIMAGES/ufo-disk.png?raw=true*>,"<img src =""https://github.com/djwrisley/ESUDH/blob/master/HDME2021/UFOMAP/UFOIMAGES/ufo-disk.png?raw=true"">",4,4 seconds,Object  filmed by professional camera crew during first Gulf war,2/24/07,33.223191,43.679291
12/6/06 17:45,baghdad (iraq),,,,triangle,ufo-triangle.png,<img src =*https://github.com/djwrisley/ESUDH/blob/master/HDME2021/UFOMAP/UFOIMAGES/ufo-triangle.png?raw=true*>,"<img src =""https://github.com/djwrisley/ESUDH/blob/master/HDME2021/UFOMAP/UFOIMAGES/ufo-triangle.png?raw=true"">",600,10 min,they looked like pyremids or something and,12/7/06,33.325,44.422
2/4/11 19:30,baghdad,,,,unknown,ufo-unknown.png,<img src =*https://github.com/djwrisley/ESUDH/blob/master/HDME2021/UFOMAP/UFOIMAGES/ufo-unknown.png?raw=true*>,"<img src =""https://github.com/djwrisley/ESUDH/blob/master/HDME2021/UFOMAP/UFOIMAGES/ufo-unknown.png?raw=true"">",600,past hour and still,i&#39ve got the video on my sony cybershot but i&#39m not sure if it is clear. send me an email address so i can send u the footage.,2/8/11,33.325,44.422
5/14/07 2:30,baghdad (iraq),,,,unknown,ufo-unknown.png,<img src =*https://github.com/djwrisley/ESUDH/blob/master/HDME2021/UFOMAP/UFOIMAGES/ufo-unknown.png?raw=true*>,"<img src =""https://github.com/djwrisley/ESUDH/blob/master/HDME2021/UFOMAP/UFOIMAGES/ufo-unknown.png?raw=true"">",300,5 min.,Multiple military personnel watch a strange&#44 unexplained target on a USAF radar screen.,8/7/07,33.325,44.422
8/7/06 23:25,baghdad,,,,unknown,ufo-unknown.png,<img src =*https://github.com/djwrisley/ESUDH/blob/master/HDME2021/UFOMAP/UFOIMAGES/ufo-unknown.png?raw=true*>,"<img src =""https://github.com/djwrisley/ESUDH/blob/master/HDME2021/UFOMAP/UFOIMAGES/ufo-unknown.png?raw=true"">",240,4 min.,Bluish lights travelling quickly&#44 stopped and then accelerated away in an instant.,10/30/06,33.325,44.422
10/4/04 3:20,baghdad (iraq),,,,light,ufo-light.png,<img src =*https://github.com/djwrisley/ESUDH/blob/master/HDME2021/UFOMAP/UFOIMAGES/ufo-light.png?raw=true*>,"<img src =""https://github.com/djwrisley/ESUDH/blob/master/HDME2021/UFOMAP/UFOIMAGES/ufo-light.png?raw=true"">",30,30 sec,Strange light captured on CNN &quot;Special Report&quot; from Baghdad,10/27/04,33.325,44.422
1/7/03 0:00,baghdad (iraq),,,,rectangle,ufo-rectangle.png,<img src =*https://github.com/djwrisley/ESUDH/blob/master/HDME2021/UFOMAP/UFOIMAGES/ufo-rectangle.png?raw=true*>,"<img src =""https://github.com/djwrisley/ESUDH/blob/master/HDME2021/UFOMAP/UFOIMAGES/ufo-rectangle.png?raw=true"">",30,30  sec,rectangle object flying from the north to the south with no sound or light,3/8/07,33.325,44.422
8/10/04 3:55,baghdad (iraq),,,,light,ufo-light.png,<img src =*https://github.com/djwrisley/ESUDH/blob/master/HDME2021/UFOMAP/UFOIMAGES/ufo-light.png?raw=true*>,"<img src =""https://github.com/djwrisley/ESUDH/blob/master/HDME2021/UFOMAP/UFOIMAGES/ufo-light.png?raw=true"">",4,4 seconds,8/10/2004 0355 Extremely fast&#44 regularly &quot;winking&quot; white light west to east direction.  While west of Baghdad&#44 Iraq.,12/12/11,33.325,44.422
10/17/03 0:00,baghdad (iraq),,,,unknown,ufo-unknown.png,<img src =*https://github.com/djwrisley/ESUDH/blob/master/HDME2021/UFOMAP/UFOIMAGES/ufo-unknown.png?raw=true*>,"<img src =""https://github.com/djwrisley/ESUDH/blob/master/HDME2021/UFOMAP/UFOIMAGES/ufo-unknown.png?raw=true"">",0,?,Object tracked and annotated by Air Ops Center covering Iraq,10/31/03,33.325,44.422
3/18/03 4:00,baghdad (iraq),,,,teardrop,ufo-teardrop.png,<img src =*https://github.com/djwrisley/ESUDH/blob/master/HDME2021/UFOMAP/UFOIMAGES/ufo-teardrop.png?raw=true*>,"<img src =""https://github.com/djwrisley/ESUDH/blob/master/HDME2021/UFOMAP/UFOIMAGES/ufo-teardrop.png?raw=true"">",0,unk,I suddenly saw this anomaly in the sky. To describe it at it&#39s best it looked like our moon when it&#39s at full moon. This anomaly was sh,7/3/13,33.325,44.422
9/12/91 23:00,baghdad (iraq),,,,cylinder,ufo-cylinder.png,<img src =*https://github.com/djwrisley/ESUDH/blob/master/HDME2021/UFOMAP/UFOIMAGES/ufo-cylinder.png?raw=true*>,"<img src =""https://github.com/djwrisley/ESUDH/blob/master/HDME2021/UFOMAP/UFOIMAGES/ufo-cylinder.png?raw=true"">",0,,in the nighr of sep 1991 i was in the roof top of my house and the national power was off working due to the strikes that our powre sta,8/5/09,33.325,44.422
1/23/06 2:00,camp taqaddum (iraq),,,,light,ufo-light.png,<img src =*https://github.com/djwrisley/ESUDH/blob/master/HDME2021/UFOMAP/UFOIMAGES/ufo-light.png?raw=true*>,"<img src =""https://github.com/djwrisley/ESUDH/blob/master/HDME2021/UFOMAP/UFOIMAGES/ufo-light.png?raw=true"">",2700,45 minutes +,Beams of light with an extremely slow pulse to it&#44 seen over vast desert and only seemingly visible through NVGs&#44 with a bright glow,2/1/07,33.338196,43.596973
1/21/06 3:15,camp taqqadum (iraq),,,,other,ufo-other.png,<img src =*https://github.com/djwrisley/ESUDH/blob/master/HDME2021/UFOMAP/UFOIMAGES/ufo-other.png?raw=true*>,"<img src =""https://github.com/djwrisley/ESUDH/blob/master/HDME2021/UFOMAP/UFOIMAGES/ufo-other.png?raw=true"">",30,approx 30 seconds,Starfox shaped craft with blue glow and smoke/debris trail behind with no sound within 2500m and an altitude no higher than 400 feet.,2/1/07,33.338196,43.596973
38597,ramadi (iraq),,,,light,ufo-light.png,<img src =*https://github.com/djwrisley/ESUDH/blob/master/HDME2021/UFOMAP/UFOIMAGES/ufo-light.png?raw=true*>,"<img src =""https://github.com/djwrisley/ESUDH/blob/master/HDME2021/UFOMAP/UFOIMAGES/ufo-light.png?raw=true"">",604800,about a week,orange lights in the sky in iraq&#44 not anything military,6/12/07,33.416667,43.3
4/26/04 21:50,ramadi (iraq),,,,chevron,ufo-chevron.png,<img src =*https://github.com/djwrisley/ESUDH/blob/master/HDME2021/UFOMAP/UFOIMAGES/ufo-chevron.png?raw=true*>,"<img src =""https://github.com/djwrisley/ESUDH/blob/master/HDME2021/UFOMAP/UFOIMAGES/ufo-chevron.png?raw=true"">",300,5 minutes,UFO hypnosis,5/4/04,33.416667,43.3
6/30/69 0:00,dorood (iran),,,,sphere,ufo-sphere.png,<img src =*https://github.com/djwrisley/ESUDH/blob/master/HDME2021/UFOMAP/UFOIMAGES/ufo-sphere.png?raw=true*>,"<img src =""https://github.com/djwrisley/ESUDH/blob/master/HDME2021/UFOMAP/UFOIMAGES/ufo-sphere.png?raw=true"">",900,15 min.,While riding home at night  my family and I saw an object like moon in sky,2/14/08,33.495503,49.063174
2/15/91 15:00,hafer al ban (saudi arabia),,"hafer al ban (saudi arabia), ",,other,ufo-other.png,<img src =*https://github.com/djwrisley/ESUDH/blob/master/HDME2021/UFOMAP/UFOIMAGES/ufo-other.png?raw=true*>,"<img src =""https://github.com/djwrisley/ESUDH/blob/master/HDME2021/UFOMAP/UFOIMAGES/ufo-other.png?raw=true"">",300,3-5 minutes,Feb 1991 Gulf War Desert Storm UFO Sighting very close- about 3 stories off the ground,5/12/09,28.3784149,45.9627113
4/6/03 13:00,bagdad (iraq),,"bagdad (iraq), ",,rectangle,ufo-rectangle.png,<img src =*https://github.com/djwrisley/ESUDH/blob/master/HDME2021/UFOMAP/UFOIMAGES/ufo-rectangle.png?raw=true*>,"<img src =""https://github.com/djwrisley/ESUDH/blob/master/HDME2021/UFOMAP/UFOIMAGES/ufo-rectangle.png?raw=true"">",5,5 seconds,Flying drill bit,2/12/04,33.315241,44.3660671
5/21/11 21:00,mecca (saudi arabia),,"mecca (saudi arabia), ",,disk,ufo-disk.png,<img src =*https://github.com/djwrisley/ESUDH/blob/master/HDME2021/UFOMAP/UFOIMAGES/ufo-disk.png?raw=true*>,"<img src =""https://github.com/djwrisley/ESUDH/blob/master/HDME2021/UFOMAP/UFOIMAGES/ufo-disk.png?raw=true"">",0,random photo,The bottom of the disc appeared reddish with distinct four bright white bulbs-like lights.  ((NUFORC Note:  Lens flare???  PD)),6/12/11,21.3890824,39.8579118
,,,,,,,,,,,,,,
,,,,,,,,,,,,,,
,,,,,,,,,,,,,,
,,,,,,,,,,,,,,
,,,,,,,,,,,,,,
,,,,,,,,,,,,,,
,,,,,,,,,,,,,,
,,,,,,,,,,,,,,
,,,,,,,,,,,,,,
,,,,,,,,,,,,,,
,,,,,,,,,,,,,,
,,,,,,,,,,,,,,
,,,,,,,,,,,,,,
,,,,,,,,,,,,,,
,,,,,,,,,,,,,,
,,,,,,,,,,,,,,
,,,,,,,,,,,,,,
,,,,,,,,,,,,,,
,,,,,,,,,,,,,,
,,,,,,,,,,,,,,
,,,,,,,,,,,,,,
,,,,,,,,,,,,,,
,,,,,,,,,,,,,,
,,,,,,,,,,,,,,
,,,,,,,,,,,,,,
,,,,,,,,,,,,,,
,,,,,,,,,,,,,,
,,,,,,,,,,,,,,
,,,,,,,,,,,,,,
,,,,,,,,,,,,,,
,,,,,,,,,,,,,,
,,,,,,,,,,,,,,
,,,,,,,,,,,,,,
,,,,,,,,,,,,,,
,,,,,,,,,,,,,,
,,,,,,,,,,,,,,
,,,,,,,,,,,,,,
,,,,,,,,,,,,,,
,,,,,,,,,,,,,,
,,,,,,,,,,,,,,
,,,,,,,,,,,,,,
,,,,,,,,,,,,,,
,,,,,,,,,,,,,,
,,,,,,,,,,,,,,
,,,,,,,,,,,,,,
,,,,,,,,,,,,,,
,,,,,,,,,,,,,,
,,,,,,,,,,,,,,
,,,,,,,,,,,,,,
,,,,,,,,,,,,,,
,,,,,,,,,,,,,,
,,,,,,,,,,,,,,
,,,,,,,,,,,,,,
,,,,,,,,,,,,,,
,,,,,,,,,,,,,,
,,,,,,,,,,,,,,
,,,,,,,,,,,,,,
,,,,,,,,,,,,,,
,,,,,,,,,,,,,,
,,,,,,,,,,,,,,
,,,,,,,,,,,,,,
,,,,,,,,,,,,,,
,,,,,,,,,,,,,,
,,,,,,,,,,,,,,
,,,,,,,,,,,,,,
,,,,,,,,,,,,,,
,,,,,,,,,,,,,,
,,,,,,,,,,,,,,
,,,,,,,,,,,,,,
,,,,,,,,,,,,,,
,,,,,,,,,,,,,,
,,,,,,,,,,,,,,
,,,,,,,,,,,,,,
,,,,,,,,,,,,,,
,,,,,,,,,,,,,,
,,,,,,,,,,,,,,
,,,,,,,,,,,,,,
,,,,,,,,,,,,,,
,,,,,,,,,,,,,,
,,,,,,,,,,,,,,
,,,,,,,,,,,,,,
,,,,,,,,,,,,,,
,,,,,,,,,,,,,,
,,,,,,,,,,,,,,
,,,,,,,,,,,,,,
,,,,,,,,,,,,,,
,,,,,,,,,,,,,,
,,,,,,,,,,,,,,
,,,,,,,,,,,,,,
,,,,,,,,,,,,,,
,,,,,,,,,,,,,,
,,,,,,,,,,,,,,
,,,,,,,,,,,,,,
,,,,,,,,,,,,,,
,,,,,,,,,,,,,,
,,,,,,,,,,,,,,
,,,,,,,,,,,,,,
,,,,,,,,,,,,,,
,,,,,,,,,,,,,,
,,,,,,,,,,,,,,
,,,,,,,,,,,,,,
,,,,,,,,,,,,,,
,,,,,,,,,,,,,,
,,,,,,,,,,,,,,
,,,,,,,,,,,,,,
,,,,,,,,,,,,,,
,,,,,,,,,,,,,,
,,,,,,,,,,,,,,
,,,,,,,,,,,,,,
,,,,,,,,,,,,,,
,,,,,,,,,,,,,,
,,,,,,,,,,,,,,
,,,,,,,,,,,,,,
,,,,,,,,,,,,,,
,,,,,,,,,,,,,,
,,,,,,,,,,,,,,
,,,,,,,,,,,,,,
,,,,,,,,,,,,,,
,,,,,,,,,,,,,,
,,,,,,,,,,,,,,
,,,,,,,,,,,,,,
,,,,,,,,,,,,,,
,,,,,,,,,,,,,,
,,,,,,,,,,,,,,
,,,,,,,,,,,,,,
,,,,,,,,,,,,,,
,,,,,,,,,,,,,,
,,,,,,,,,,,,,,
,,,,,,,,,,,,,,
,,,,,,,,,,,,,,
,,,,,,,,,,,,,,
,,,,,,,,,,,,,,
,,,,,,,,,,,,,,
,,,,,,,,,,,,,,
,,,,,,,,,,,,,,
,,,,,,,,,,,,,,
,,,,,,,,,,,,,,
,,,,,,,,,,,,,,
,,,,,,,,,,,,,,
,,,,,,,,,,,,,,
,,,,,,,,,,,,,,
,,,,,,,,,,,,,,
,,,,,,,,,,,,,,
,,,,,,,,,,,,,,
,,,,,,,,,,,,,,
,,,,,,,,,,,,,,
,,,,,,,,,,,,,,
,,,,,,,,,,,,,,
,,,,,,,,,,,,,,
,,,,,,,,,,,,,,
,,,,,,,,,,,,,,
,,,,,,,,,,,,,,
,,,,,,,,,,,,,,
,,,,,,,,,,,,,,
,,,,,,,,,,,,,,
,,,,,,,,,,,,,,
,,,,,,,,,,,,,,
,,,,,,,,,,,,,,
,,,,,,,,,,,,,,
,,,,,,,,,,,,,,
,,,,,,,,,,,,,,
,,,,,,,,,,,,,,
,,,,,,,,,,,,,,
,,,,,,,,,,,,,,
,,,,,,,,,,,,,,
,,,,,,,,,,,,,,
,,,,,,,,,,,,,,
,,,,,,,,,,,,,,
,,,,,,,,,,,,,,
,,,,,,,,,,,,,,
,,,,,,,,,,,,,,
,,,,,,,,,,,,,,
,,,,,,,,,,,,,,
,,,,,,,,,,,,,,
,,,,,,,,,,,,,,
,,,,,,,,,,,,,,
,,,,,,,,,,,,,,
,,,,,,,,,,,,,,
,,,,,,,,,,,,,,
,,,,,,,,,,,,,,
,,,,,,,,,,,,,,
,,,,,,,,,,,,,,
,,,,,,,,,,,,,,
,,,,,,,,,,,,,,
,,,,,,,,,,,,,,
,,,,,,,,,,,,,,
,,,,,,,,,,,,,,
,,,,,,,,,,,,,,
,,,,,,,,,,,,,,
,,,,,,,,,,,,,,
,,,,,,,,,,,,,,
,,,,,,,,,,,,,,
,,,,,,,,,,,,,,
,,,,,,,,,,,,,,
,,,,,,,,,,,,,,
,,,,,,,,,,,,,,
,,,,,,,,,,,,,,
,,,,,,,,,,,,,,
,,,,,,,,,,,,,,
,,,,,,,,,,,,,,
,,,,,,,,,,,,,,
,,,,,,,,,,,,,,
,,,,,,,,,,,,,,
,,,,,,,,,,,,,,
,,,,,,,,,,,,,,
,,,,,,,,,,,,,,
,,,,,,,,,,,,,,
,,,,,,,,,,,,,,
,,,,,,,,,,,,,,
,,,,,,,,,,,,,,
,,,,,,,,,,,,,,
,,,,,,,,,,,,,,
,,,,,,,,,,,,,,
,,,,,,,,,,,,,,
,,,,,,,,,,,,,,
,,,,,,,,,,,,,,
,,,,,,,,,,,,,,
,,,,,,,,,,,,,,
,,,,,,,,,,,,,,
,,,,,,,,,,,,,,
,,,,,,,,,,,,,,
,,,,,,,,,,,,,,
,,,,,,,,,,,,,,
,,,,,,,,,,,,,,
,,,,,,,,,,,,,,
,,,,,,,,,,,,,,
,,,,,,,,,,,,,,
,,,,,,,,,,,,,,
,,,,,,,,,,,,,,
,,,,,,,,,,,,,,
,,,,,,,,,,,,,,
,,,,,,,,,,,,,,
,,,,,,,,,,,,,,
,,,,,,,,,,,,,,
,,,,,,,,,,,,,,
,,,,,,,,,,,,,,
,,,,,,,,,,,,,,
,,,,,,,,,,,,,,
,,,,,,,,,,,,,,
,,,,,,,,,,,,,,
,,,,,,,,,,,,,,
,,,,,,,,,,,,,,
,,,,,,,,,,,,,,
,,,,,,,,,,,,,,
,,,,,,,,,,,,,,
,,,,,,,,,,,,,,
,,,,,,,,,,,,,,
,,,,,,,,,,,,,,
,,,,,,,,,,,,,,
,,,,,,,,,,,,,,
,,,,,,,,,,,,,,
,,,,,,,,,,,,,,
,,,,,,,,,,,,,,
,,,,,,,,,,,,,,
,,,,,,,,,,,,,,
,,,,,,,,,,,,,,
,,,,,,,,,,,,,,
,,,,,,,,,,,,,,
,,,,,,,,,,,,,,
,,,,,,,,,,,,,,
,,,,,,,,,,,,,,
,,,,,,,,,,,,,,
,,,,,,,,,,,,,,
,,,,,,,,,,,,,,
,,,,,,,,,,,,,,
,,,,,,,,,,,,,,
,,,,,,,,,,,,,,
,,,,,,,,,,,,,,
,,,,,,,,,,,,,,
,,,,,,,,,,,,,,
,,,,,,,,,,,,,,
,,,,,,,,,,,,,,
,,,,,,,,,,,,,,
,,,,,,,,,,,,,,
,,,,,,,,,,,,,,
,,,,,,,,,,,,,,
,,,,,,,,,,,,,,
,,,,,,,,,,,,,,
,,,,,,,,,,,,,,
,,,,,,,,,,,,,,
,,,,,,,,,,,,,,
,,,,,,,,,,,,,,
,,,,,,,,,,,,,,
,,,,,,,,,,,,,,
,,,,,,,,,,,,,,
,,,,,,,,,,,,,,
,,,,,,,,,,,,,,
,,,,,,,,,,,,,,
,,,,,,,,,,,,,,
,,,,,,,,,,,,,,
,,,,,,,,,,,,,,
,,,,,,,,,,,,,,
,,,,,,,,,,,,,,
,,,,,,,,,,,,,,
,,,,,,,,,,,,,,
,,,,,,,,,,,,,,
,,,,,,,,,,,,,,
,,,,,,,,,,,,,,
,,,,,,,,,,,,,,
,,,,,,,,,,,,,,
,,,,,,,,,,,,,,
,,,,,,,,,,,,,,
,,,,,,,,,,,,,,
,,,,,,,,,,,,,,
,,,,,,,,,,,,,,
,,,,,,,,,,,,,,
,,,,,,,,,,,,,,
,,,,,,,,,,,,,,
,,,,,,,,,,,,,,
,,,,,,,,,,,,,,
,,,,,,,,,,,,,,
,,,,,,,,,,,,,,
,,,,,,,,,,,,,,
,,,,,,,,,,,,,,
,,,,,,,,,,,,,,
,,,,,,,,,,,,,,
,,,,,,,,,,,,,,
,,,,,,,,,,,,,,
,,,,,,,,,,,,,,
,,,,,,,,,,,,,,
,,,,,,,,,,,,,,
,,,,,,,,,,,,,,
,,,,,,,,,,,,,,
,,,,,,,,,,,,,,
,,,,,,,,,,,,,,
,,,,,,,,,,,,,,
,,,,,,,,,,,,,,
,,,,,,,,,,,,,,
,,,,,,,,,,,,,,
,,,,,,,,,,,,,,
,,,,,,,,,,,,,,
,,,,,,,,,,,,,,
,,,,,,,,,,,,,,
,,,,,,,,,,,,,,
,,,,,,,,,,,,,,
,,,,,,,,,,,,,,
,,,,,,,,,,,,,,
,,,,,,,,,,,,,,
,,,,,,,,,,,,,,
,,,,,,,,,,,,,,
,,,,,,,,,,,,,,
,,,,,,,,,,,,,,
,,,,,,,,,,,,,,
,,,,,,,,,,,,,,
,,,,,,,,,,,,,,
,,,,,,,,,,,,,,
,,,,,,,,,,,,,,
,,,,,,,,,,,,,,
,,,,,,,,,,,,,,
,,,,,,,,,,,,,,
,,,,,,,,,,,,,,
,,,,,,,,,,,,,,
,,,,,,,,,,,,,,
,,,,,,,,,,,,,,
,,,,,,,,,,,,,,
,,,,,,,,,,,,,,
,,,,,,,,,,,,,,
,,,,,,,,,,,,,,
,,,,,,,,,,,,,,
,,,,,,,,,,,,,,
,,,,,,,,,,,,,,
,,,,,,,,,,,,,,
,,,,,,,,,,,,,,
,,,,,,,,,,,,,,
,,,,,,,,,,,,,,
,,,,,,,,,,,,,,
,,,,,,,,,,,,,,
,,,,,,,,,,,,,,
,,,,,,,,,,,,,,
,,,,,,,,,,,,,,
,,,,,,,,,,,,,,
,,,,,,,,,,,,,,
,,,,,,,,,,,,,,
,,,,,,,,,,,,,,
,,,,,,,,,,,,,,
,,,,,,,,,,,,,,
,,,,,,,,,,,,,,
,,,,,,,,,,,,,,
,,,,,,,,,,,,,,
,,,,,,,,,,,,,,
,,,,,,,,,,,,,,
,,,,,,,,,,,,,,
,,,,,,,,,,,,,,
,,,,,,,,,,,,,,
,,,,,,,,,,,,,,
,,,,,,,,,,,,,,
,,,,,,,,,,,,,,
,,,,,,,,,,,,,,
,,,,,,,,,,,,,,
,,,,,,,,,,,,,,
,,,,,,,,,,,,,,
,,,,,,,,,,,,,,
,,,,,,,,,,,,,,
,,,,,,,,,,,,,,
,,,,,,,,,,,,,,
,,,,,,,,,,,,,,
,,,,,,,,,,,,,,
,,,,,,,,,,,,,,
,,,,,,,,,,,,,,
,,,,,,,,,,,,,,
,,,,,,,,,,,,,,
,,,,,,,,,,,,,,
,,,,,,,,,,,,,,
,,,,,,,,,,,,,,
,,,,,,,,,,,,,,
,,,,,,,,,,,,,,
,,,,,,,,,,,,,,
,,,,,,,,,,,,,,
,,,,,,,,,,,,,,
,,,,,,,,,,,,,,
,,,,,,,,,,,,,,
,,,,,,,,,,,,,,
,,,,,,,,,,,,,,
,,,,,,,,,,,,,,
,,,,,,,,,,,,,,
,,,,,,,,,,,,,,
,,,,,,,,,,,,,,
,,,,,,,,,,,,,,
,,,,,,,,,,,,,,
,,,,,,,,,,,,,,
,,,,,,,,,,,,,,
,,,,,,,,,,,,,,
,,,,,,,,,,,,,,
,,,,,,,,,,,,,,
,,,,,,,,,,,,,,
,,,,,,,,,,,,,,
,,,,,,,,,,,,,,
,,,,,,,,,,,,,,
,,,,,,,,,,,,,,
,,,,,,,,,,,,,,
,,,,,,,,,,,,,,
,,,,,,,,,,,,,,
,,,,,,,,,,,,,,
,,,,,,,,,,,,,,
,,,,,,,,,,,,,,
,,,,,,,,,,,,,,
,,,,,,,,,,,,,,
,,,,,,,,,,,,,,
,,,,,,,,,,,,,,
,,,,,,,,,,,,,,
,,,,,,,,,,,,,,
,,,,,,,,,,,,,,
,,,,,,,,,,,,,,
,,,,,,,,,,,,,,
,,,,,,,,,,,,,,
,,,,,,,,,,,,,,
,,,,,,,,,,,,,,
,,,,,,,,,,,,,,
,,,,,,,,,,,,,,
,,,,,,,,,,,,,,
,,,,,,,,,,,,,,
,,,,,,,,,,,,,,
,,,,,,,,,,,,,,
,,,,,,,,,,,,,,
,,,,,,,,,,,,,,
,,,,,,,,,,,,,,
,,,,,,,,,,,,,,
,,,,,,,,,,,,,,
,,,,,,,,,,,,,,
,,,,,,,,,,,,,,
,,,,,,,,,,,,,,
,,,,,,,,,,,,,,
,,,,,,,,,,,,,,
,,,,,,,,,,,,,,
,,,,,,,,,,,,,,
,,,,,,,,,,,,,,
,,,,,,,,,,,,,,
,,,,,,,,,,,,,,
,,,,,,,,,,,,,,
,,,,,,,,,,,,,,
,,,,,,,,,,,,,,
,,,,,,,,,,,,,,
,,,,,,,,,,,,,,
,,,,,,,,,,,,,,
,,,,,,,,,,,,,,
,,,,,,,,,,,,,,
,,,,,,,,,,,,,,
,,,,,,,,,,,,,,
,,,,,,,,,,,,,,
,,,,,,,,,,,,,,
,,,,,,,,,,,,,,
,,,,,,,,,,,,,,
,,,,,,,,,,,,,,
,,,,,,,,,,,,,,
,,,,,,,,,,,,,,
,,,,,,,,,,,,,,
,,,,,,,,,,,,,,
,,,,,,,,,,,,,,
,,,,,,,,,,,,,,
,,,,,,,,,,,,,,
,,,,,,,,,,,,,,
,,,,,,,,,,,,,,
,,,,,,,,,,,,,,
,,,,,,,,,,,,,,
,,,,,,,,,,,,,,
,,,,,,,,,,,,,,
,,,,,,,,,,,,,,
,,,,,,,,,,,,,,
,,,,,,,,,,,,,,
,,,,,,,,,,,,,,
,,,,,,,,,,,,,,
,,,,,,,,,,,,,,
,,,,,,,,,,,,,,
,,,,,,,,,,,,,,
,,,,,,,,,,,,,,
,,,,,,,,,,,,,,
,,,,,,,,,,,,,,
,,,,,,,,,,,,,,
,,,,,,,,,,,,,,
,,,,,,,,,,,,,,
,,,,,,,,,,,,,,
,,,,,,,,,,,,,,
,,,,,,,,,,,,,,
,,,,,,,,,,,,,,
,,,,,,,,,,,,,,
,,,,,,,,,,,,,,
,,,,,,,,,,,,,,
,,,,,,,,,,,,,,
,,,,,,,,,,,,,,
,,,,,,,,,,,,,,
,,,,,,,,,,,,,,
,,,,,,,,,,,,,,
,,,,,,,,,,,,,,
,,,,,,,,,,,,,,
,,,,,,,,,,,,,,
,,,,,,,,,,,,,,
,,,,,,,,,,,,,,
,,,,,,,,,,,,,,
,,,,,,,,,,,,,,
,,,,,,,,,,,,,,
,,,,,,,,,,,,,,
,,,,,,,,,,,,,,
,,,,,,,,,,,,,,
,,,,,,,,,,,,,,
,,,,,,,,,,,,,,
,,,,,,,,,,,,,,
,,,,,,,,,,,,,,
,,,,,,,,,,,,,,
,,,,,,,,,,,,,,
,,,,,,,,,,,,,,
,,,,,,,,,,,,,,
,,,,,,,,,,,,,,
,,,,,,,,,,,,,,
,,,,,,,,,,,,,,
,,,,,,,,,,,,,,
,,,,,,,,,,,,,,
,,,,,,,,,,,,,,
,,,,,,,,,,,,,,
,,,,,,,,,,,,,,
,,,,,,,,,,,,,,
,,,,,,,,,,,,,,
,,,,,,,,,,,,,,
,,,,,,,,,,,,,,
,,,,,,,,,,,,,,
,,,,,,,,,,,,,,
,,,,,,,,,,,,,,
,,,,,,,,,,,,,,
,,,,,,,,,,,,,,
,,,,,,,,,,,,,,
,,,,,,,,,,,,,,
,,,,,,,,,,,,,,
,,,,,,,,,,,,,,
,,,,,,,,,,,,,,
,,,,,,,,,,,,,,
,,,,,,,,,,,,,,
,,,,,,,,,,,,,,
,,,,,,,,,,,,,,
,,,,,,,,,,,,,,
,,,,,,,,,,,,,,
,,,,,,,,,,,,,,
,,,,,,,,,,,,,,
,,,,,,,,,,,,,,
,,,,,,,,,,,,,,
,,,,,,,,,,,,,,
,,,,,,,,,,,,,,
,,,,,,,,,,,,,,
,,,,,,,,,,,,,,
,,,,,,,,,,,,,,
,,,,,,,,,,,,,,
,,,,,,,,,,,,,,
,,,,,,,,,,,,,,
,,,,,,,,,,,,,,
,,,,,,,,,,,,,,
,,,,,,,,,,,,,,
,,,,,,,,,,,,,,
,,,,,,,,,,,,,,
,,,,,,,,,,,,,,
,,,,,,,,,,,,,,
,,,,,,,,,,,,,,
,,,,,,,,,,,,,,
,,,,,,,,,,,,,,
,,,,,,,,,,,,,,
,,,,,,,,,,,,,,
,,,,,,,,,,,,,,
,,,,,,,,,,,,,,
,,,,,,,,,,,,,,
,,,,,,,,,,,,,,
,,,,,,,,,,,,,,
,,,,,,,,,,,,,,
,,,,,,,,,,,,,,
,,,,,,,,,,,,,,
,,,,,,,,,,,,,,
,,,,,,,,,,,,,,
,,,,,,,,,,,,,,
,,,,,,,,,,,,,,
,,,,,,,,,,,,,,
,,,,,,,,,,,,,,
,,,,,,,,,,,,,,
,,,,,,,,,,,,,,
,,,,,,,,,,,,,,
,,,,,,,,,,,,,,
,,,,,,,,,,,,,,
,,,,,,,,,,,,,,
,,,,,,,,,,,,,,
,,,,,,,,,,,,,,
,,,,,,,,,,,,,,
,,,,,,,,,,,,,,
,,,,,,,,,,,,,,
,,,,,,,,,,,,,,
,,,,,,,,,,,,,,
,,,,,,,,,,,,,,
,,,,,,,,,,,,,,
,,,,,,,,,,,,,,
,,,,,,,,,,,,,,
,,,,,,,,,,,,,,
,,,,,,,,,,,,,,
,,,,,,,,,,,,,,
,,,,,,,,,,,,,,
,,,,,,,,,,,,,,
,,,,,,,,,,,,,,
,,,,,,,,,,,,,,
,,,,,,,,,,,,,,
,,,,,,,,,,,,,,
,,,,,,,,,,,,,,
,,,,,,,,,,,,,,
,,,,,,,,,,,,,,
,,,,,,,,,,,,,,
,,,,,,,,,,,,,,
,,,,,,,,,,,,,,
,,,,,,,,,,,,,,
,,,,,,,,,,,,,,
,,,,,,,,,,,,,,
,,,,,,,,,,,,,,
,,,,,,,,,,,,,,
,,,,,,,,,,,,,,
,,,,,,,,,,,,,,
,,,,,,,,,,,,,,
,,,,,,,,,,,,,,
,,,,,,,,,,,,,,
,,,,,,,,,,,,,,
,,,,,,,,,,,,,,
,,,,,,,,,,,,,,
,,,,,,,,,,,,,,
,,,,,,,,,,,,,,
,,,,,,,,,,,,,,
,,,,,,,,,,,,,,
,,,,,,,,,,,,,,
,,,,,,,,,,,,,,
,,,,,,,,,,,,,,
,,,,,,,,,,,,,,
,,,,,,,,,,,,,,
,,,,,,,,,,,,,,
,,,,,,,,,,,,,,
,,,,,,,,,,,,,,
,,,,,,,,,,,,,,
,,,,,,,,,,,,,,
,,,,,,,,,,,,,,
,,,,,,,,,,,,,,
,,,,,,,,,,,,,,
,,,,,,,,,,,,,,
,,,,,,,,,,,,,,
,,,,,,,,,,,,,,
,,,,,,,,,,,,,,
,,,,,,,,,,,,,,
,,,,,,,,,,,,,,
,,,,,,,,,,,,,,
,,,,,,,,,,,,,,
,,,,,,,,,,,,,,
,,,,,,,,,,,,,,
,,,,,,,,,,,,,,
,,,,,,,,,,,,,,
,,,,,,,,,,,,,,
,,,,,,,,,,,,,,
,,,,,,,,,,,,,,
,,,,,,,,,,,,,,
,,,,,,,,,,,,,,
,,,,,,,,,,,,,,
,,,,,,,,,,,,,,
,,,,,,,,,,,,,,
,,,,,,,,,,,,,,
,,,,,,,,,,,,,,
,,,,,,,,,,,,,,
,,,,,,,,,,,,,,
,,,,,,,,,,,,,,
,,,,,,,,,,,,,,
,,,,,,,,,,,,,,
,,,,,,,,,,,,,,
,,,,,,,,,,,,,,
,,,,,,,,,,,,,,
,,,,,,,,,,,,,,
,,,,,,,,,,,,,,
,,,,,,,,,,,,,,
,,,,,,,,,,,,,,
,,,,,,,,,,,,,,
,,,,,,,,,,,,,,
,,,,,,,,,,,,,,
,,,,,,,,,,,,,,
,,,,,,,,,,,,,,
,,,,,,,,,,,,,,
,,,,,,,,,,,,,,
,,,,,,,,,,,,,,
,,,,,,,,,,,,,,
,,,,,,,,,,,,,,
,,,,,,,,,,,,,,
,,,,,,,,,,,,,,
,,,,,,,,,,,,,,
,,,,,,,,,,,,,,
,,,,,,,,,,,,,,
,,,,,,,,,,,,,,
,,,,,,,,,,,,,,
,,,,,,,,,,,,,,
,,,,,,,,,,,,,,
,,,,,,,,,,,,,,
,,,,,,,,,,,,,,
,,,,,,,,,,,,,,
,,,,,,,,,,,,,,
,,,,,,,,,,,,,,
,,,,,,,,,,,,,,
,,,,,,,,,,,,,,
,,,,,,,,,,,,,,
,,,,,,,,,,,,,,
,,,,,,,,,,,,,,
,,,,,,,,,,,,,,
,,,,,,,,,,,,,,
,,,,,,,,,,,,,,
,,,,,,,,,,,,,,
,,,,,,,,,,,,,,
,,,,,,,,,,,,,,
,,,,,,,,,,,,,,
,,,,,,,,,,,,,,
,,,,,,,,,,,,,,
,,,,,,,,,,,,,,
,,,,,,,,,,,,,,
,,,,,,,,,,,,,,
,,,,,,,,,,,,,,
,,,,,,,,,,,,,,
,,,,,,,,,,,,,,
,,,,,,,,,,,,,,
,,,,,,,,,,,,,,
,,,,,,,,,,,,,,
,,,,,,,,,,,,,,
,,,,,,,,,,,,,,
,,,,,,,,,,,,,,
,,,,,,,,,,,,,,
,,,,,,,,,,,,,,
,,,,,,,,,,,,,,
,,,,,,,,,,,,,,
,,,,,,,,,,,,,,
,,,,,,,,,,,,,,
,,,,,,,,,,,,,,
,,,,,,,,,,,,,,
,,,,,,,,,,,,,,
,,,,,,,,,,,,,,
,,,,,,,,,,,,,,
,,,,,,,,,,,,,,
,,,,,,,,,,,,,,
,,,,,,,,,,,,,,
,,,,,,,,,,,,,,
,,,,,,,,,,,,,,
,,,,,,,,,,,,,,
,,,,,,,,,,,,,,
,,,,,,,,,,,,,,
,,,,,,,,,,,,,,
,,,,,,,,,,,,,,
,,,,,,,,,,,,,,
,,,,,,,,,,,,,,
,,,,,,,,,,,,,,
,,,,,,,,,,,,,,
,,,,,,,,,,,,,,
,,,,,,,,,,,,,,
,,,,,,,,,,,,,,
,,,,,,,,,,,,,,
,,,,,,,,,,,,,,
,,,,,,,,,,,,,,
,,,,,,,,,,,,,,
,,,,,,,,,,,,,,
,,,,,,,,,,,,,,
,,,,,,,,,,,,,,
,,,,,,,,,,,,,,
,,,,,,,,,,,,,,
,,,,,,,,,,,,,,
,,,,,,,,,,,,,,
,,,,,,,,,,,,,,
,,,,,,,,,,,,,,
,,,,,,,,,,,,,,
,,,,,,,,,,,,,,
,,,,,,,,,,,,,,
,,,,,,,,,,,,,,
,,,,,,,,,,,,,,
,,,,,,,,,,,,,,
,,,,,,,,,,,,,,
,,,,,,,,,,,,,,
,,,,,,,,,,,,,,
,,,,,,,,,,,,,,
,,,,,,,,,,,,,,
,,,,,,,,,,,,,,
,,,,,,,,,,,,,,
,,,,,,,,,,,,,,
,,,,,,,,,,,,,,
,,,,,,,,,,,,,,
,,,,,,,,,,,,,,
,,,,,,,,,,,,,,
,,,,,,,,,,,,,,
,,,,,,,,,,,,,,
,,,,,,,,,,,,,,
,,,,,,,,,,,,,,
,,,,,,,,,,,,,,
,,,,,,,,,,,,,,
,,,,,,,,,,,,,,
,,,,,,,,,,,,,,
,,,,,,,,,,,,,,
,,,,,,,,,,,,,,
,,,,,,,,,,,,,,
,,,,,,,,,,,,,,
,,,,,,,,,,,,,,
,,,,,,,,,,,,,,
,,,,,,,,,,,,,,
,,,,,,,,,,,,,,
,,,,,,,,,,,,,,
,,,,,,,,,,,,,,
,,,,,,,,,,,,,,
,,,,,,,,,,,,,,
,,,,,,,,,,,,,,
,,,,,,,,,,,,,,
,,,,,,,,,,,,,,
,,,,,,,,,,,,,,
,,,,,,,,,,,,,,
,,,,,,,,,,,,,,
,,,,,,,,,,,,,,
,,,,,,,,,,,,,,
,,,,,,,,,,,,,,
,,,,,,,,,,,,,,
,,,,,,,,,,,,,,
,,,,,,,,,,,,,,
,,,,,,,,,,,,,,
,,,,,,,,,,,,,,
,,,,,,,,,,,,,,
,,,,,,,,,,,,,,
,,,,,,,,,,,,,,
,,,,,,,,,,,,,,
,,,,,,,,,,,,,,
,,,,,,,,,,,,,,
,,,,,,,,,,,,,,
,,,,,,,,,,,,,,
,,,,,,,,,,,,,,
,,,,,,,,,,,,,,
,,,,,,,,,,,,,,
,,,,,,,,,,,,,,
,,,,,,,,,,,,,,
,,,,,,,,,,,,,,
,,,,,,,,,,,,,,
,,,,,,,,,,,,,,
,,,,,,,,,,,,,,
,,,,,,,,,,,,,,
,,,,,,,,,,,,,,
,,,,,,,,,,,,,,
,,,,,,,,,,,,,,
,,,,,,,,,,,,,,
,,,,,,,,,,,,,,
,,,,,,,,,,,,,,
,,,,,,,,,,,,,,
,,,,,,,,,,,,,,
,,,,,,,,,,,,,,
,,,,,,,,,,,,,,
,,,,,,,,,,,,,,
,,,,,,,,,,,,,,
,,,,,,,,,,,,,,
,,,,,,,,,,,,,,
,,,,,,,,,,,,,,
,,,,,,,,,,,,,,
,,,,,,,,,,,,,,
,,,,,,,,,,,,,,
,,,,,,,,,,,,,,
,,,,,,,,,,,,,,
,,,,,,,,,,,,,,
,,,,,,,,,,,,,,
,,,,,,,,,,,,,,
,,,,,,,,,,,,,,
,,,,,,,,,,,,,,
,,,,,,,,,,,,,,
,,,,,,,,,,,,,,
,,,,,,,,,,,,,,
,,,,,,,,,,,,,,
,,,,,,,,,,,,,,
,,,,,,,,,,,,,,
,,,,,,,,,,,,,,
,,,,,,,,,,,,,,
,,,,,,,,,,,,,,
,,,,,,,,,,,,,,
,,,,,,,,,,,,,,
,,,,,,,,,,,,,,
,,,,,,,,,,,,,,
,,,,,,,,,,,,,,
,,,,,,,,,,,,,,
,,,,,,,,,,,,,,
,,,,,,,,,,,,,,
,,,,,,,,,,,,,,